name,datetime,temp,feelslike,dew,humidity,precip,precipprob,snow,snowdepth,windgust,windspeed,winddir,sealevelpressure,cloudcover,visibility,solarradiation,solarenergy,uvindex,severerisk,conditions,icon
Egypt,2025-03-14 00:00:00,18.5,18.5,10.8,60.83,0.0,0.0,0,0,3.6,2.5,20.3,1015.0,99.9,24.1,0.0,0.0,0,10,Overcast,cloudy
Egypt,2025-03-14 01:00:00,17.7,17.7,11.2,65.69,0.0,0.0,0,0,3.6,2.2,26.9,1015.0,100.0,24.1,0.0,0.0,0,10,Overcast,cloudy
Egypt,2025-03-14 02:00:00,17.2,17.2,11.3,68.25,0.0,0.0,0,0,3.6,2.5,7.8,1015.0,100.0,24.1,0.0,0.0,0,10,Overcast,cloudy
Egypt,2025-03-14 03:00:00,16.7,16.7,11.2,69.98,0.0,0.0,0,0,4.3,3.2,9.9,1015.0,100.0,24.1,0.0,0.0,0,10,Overcast,cloudy
Egypt,2025-03-14 04:00:00,15.9,15.9,11.5,75.12,0.0,0.0,0,0,4.3,3.2,23.1,1015.0,78.6,24.1,0.0,0.0,0,10,Partially cloudy,partly-cloudy-night
Egypt,2025-03-14 05:00:00,15.3,15.3,11.6,78.58,0.0,0.0,0,0,4.3,3.2,13.5,1015.0,70.7,24.1,0.0,0.0,0,10,Partially cloudy,partly-cloudy-night
Egypt,2025-03-14 06:00:00,14.9,14.9,11.7,81.16,0.0,0.0,0,0,4.7,3.6,18.1,1016.0,100.0,24.1,0.0,0.0,0,10,Overcast,cloudy
Egypt,2025-03-14 07:00:00,15.1,15.1,11.7,80.13,0.0,0.0,0,0,4.3,3.2,16.6,1016.0,20.3,24.1,36.0,0.1,0,10,Partially cloudy,partly-cloudy-day
Egypt,2025-03-14 08:00:00,17.3,17.3,11.9,70.56,0.0,0.0,0,0,10.8,4.0,357.0,1017.0,0.0,24.1,217.0,0.8,2,10,Clear,clear-day
Egypt,2025-03-14 09:00:00,21.1,21.1,12.1,56.42,0.0,0.0,0,0,14.8,5.8,4.9,1017.0,0.0,24.1,432.0,1.6,4,10,Clear,clear-day
Egypt,2025-03-14 10:00:00,24.8,24.8,12.0,44.8,0.0,0.0,0,0,16.9,6.5,354.6,1018.0,0.0,24.1,622.0,2.2,6,10,Clear,clear-day
Egypt,2025-03-14 11:00:00,27.9,27.3,11.7,36.57,0.0,0.0,0,0,20.5,7.9,0.9,1017.0,0.0,24.1,763.0,2.7,8,10,Clear,clear-day
Egypt,2025-03-14 12:00:00,29.9,28.3,7.8,25.08,0.0,0.0,0,0,25.6,10.1,11.6,1016.0,0.0,24.1,842.0,3.0,8,10,Clear,clear-day
Egypt,2025-03-14 13:00:00,30.9,29.0,5.4,20.08,0.0,0.0,0,0,25.9,10.4,16.8,1015.0,0.0,24.1,849.0,3.1,8,10,Clear,clear-day
Egypt,2025-03-14 14:00:00,31.4,29.3,4.2,17.95,0.0,0.0,0,0,26.3,10.8,14.2,1015.0,0.0,24.1,785.0,2.8,8,10,Clear,clear-day
Egypt,2025-03-14 15:00:00,31.4,29.3,4.4,18.2,0.0,0.0,0,0,27.0,10.8,12.8,1015.0,0.0,24.1,653.0,2.4,7,10,Clear,clear-day
Egypt,2025-03-14 16:00:00,31.0,29.0,5.6,20.24,0.0,0.0,0,0,26.6,10.8,12.3,1015.0,0.0,24.1,467.0,1.7,5,10,Clear,clear-day
Egypt,2025-03-14 17:00:00,30.0,28.3,6.8,23.28,0.0,0.0,0,0,25.2,9.7,13.7,1015.0,0.0,24.1,251.0,0.9,3,10,Clear,clear-day
Egypt,2025-03-14 18:00:00,27.7,26.8,8.4,29.67,0.0,0.0,0,0,21.2,5.8,14.2,1016.0,0.0,24.1,53.0,0.2,1,10,Clear,clear-day
Egypt,2025-03-14 19:00:00,25.5,25.5,10.0,37.63,0.0,0.0,0,0,12.2,5.0,18.7,1016.0,0.0,24.1,0.0,0.0,0,10,Clear,clear-night
Egypt,2025-03-14 20:00:00,23.7,23.7,10.6,43.62,0.0,0.0,0,0,23.4,10.4,27.5,1017.0,0.0,24.1,0.0,0.0,0,10,Clear,clear-night
Egypt,2025-03-14 21:00:00,22.5,22.5,9.2,42.7,0.0,0.0,0,0,23.4,9.4,25.4,1018.0,0.0,24.1,0.0,0.0,0,10,Clear,clear-night
Egypt,2025-03-14 22:00:00,21.1,21.1,9.0,45.89,0.0,0.0,0,0,20.5,8.3,9.3,1018.0,0.0,24.1,0.0,0.0,0,10,Clear,clear-night
Egypt,2025-03-14 23:00:00,19.5,19.5,9.3,51.7,0.0,0.0,0,0,18.4,7.2,3.7,1018.0,0.0,24.1,0.0,0.0,0,10,Clear,clear-night
Egypt,2025-03-15 00:00:00,17.8,17.8,10.5,62.31,0.0,0.0,0,0,16.2,7.6,351.8,1018.0,0.0,24.1,0.0,0.0,0,10,Clear,clear-night
Egypt,2025-03-15 01:00:00,16.5,16.5,11.5,72.3,0.0,0.0,0,0,17.3,7.9,350.7,1018.0,0.0,24.1,0.0,0.0,0,10,Clear,clear-night
Egypt,2025-03-15 02:00:00,15.6,15.6,12.0,79.15,0.0,0.0,0,0,17.6,8.3,354.3,1018.0,0.0,24.1,0.0,0.0,0,10,Clear,clear-night
Egypt,2025-03-15 03:00:00,15.1,15.1,12.3,83.36,0.0,0.0,0,0,17.6,7.9,355.8,1018.0,0.0,24.1,0.0,0.0,0,10,Clear,clear-night
Egypt,2025-03-15 04:00:00,14.8,14.8,12.5,86.11,0.0,0.0,0,0,18.0,7.6,353.2,1018.0,0.0,24.1,0.0,0.0,0,10,Clear,clear-night
Egypt,2025-03-15 05:00:00,14.4,14.4,12.7,89.53,0.0,0.0,0,0,17.3,7.6,356.1,1018.0,0.0,24.1,0.0,0.0,0,10,Clear,clear-night
Egypt,2025-03-15 06:00:00,14.0,14.0,12.9,93.09,0.0,0.0,0,0,18.7,8.3,354.3,1019.0,17.2,24.1,0.0,0.0,0,10,Clear,clear-night
Egypt,2025-03-15 07:00:00,14.3,14.3,13.0,91.89,0.0,0.0,0,0,19.4,8.6,358.1,1019.0,23.7,24.1,39.0,0.1,0,10,Partially cloudy,partly-cloudy-day
Egypt,2025-03-15 08:00:00,16.5,16.5,13.4,81.91,0.0,0.0,0,0,24.5,10.4,356.8,1020.0,0.0,24.1,225.0,0.8,2,10,Clear,clear-day
Egypt,2025-03-15 09:00:00,19.5,19.5,14.0,70.52,0.0,0.0,0,0,27.4,11.5,11.9,1020.0,0.0,24.1,444.0,1.6,4,10,Clear,clear-day
Egypt,2025-03-15 10:00:00,22.9,22.9,14.3,58.36,0.0,0.0,0,0,29.9,12.2,21.1,1020.0,0.0,24.1,636.0,2.3,6,10,Clear,clear-day
Egypt,2025-03-15 11:00:00,25.8,25.8,13.6,46.87,0.0,0.0,0,0,32.8,13.7,16.4,1019.0,0.0,24.1,780.0,2.8,8,10,Clear,clear-day
Egypt,2025-03-15 12:00:00,28.0,27.4,11.6,36.12,0.0,0.0,0,0,36.7,15.5,20.4,1019.0,0.0,24.1,858.0,3.1,9,10,Clear,clear-day
Egypt,2025-03-15 13:00:00,29.5,28.2,9.8,29.37,0.0,0.0,0,0,40.0,16.9,28.3,1018.0,0.0,24.1,864.0,3.1,9,10,Clear,clear-day
Egypt,2025-03-15 14:00:00,30.4,28.8,8.9,26.25,0.0,0.0,0,0,40.7,17.3,30.4,1017.0,0.0,24.1,797.0,2.9,8,10,Clear,clear-day
Egypt,2025-03-15 15:00:00,30.8,29.2,9.0,25.83,0.0,0.0,0,0,40.3,16.9,29.5,1017.0,0.0,24.1,664.0,2.4,7,10,Clear,clear-day
Egypt,2025-03-15 16:00:00,30.6,29.0,8.7,25.61,0.0,0.0,0,0,38.9,16.9,28.6,1016.0,0.0,24.1,478.0,1.7,5,10,Clear,clear-day
Egypt,2025-03-15 17:00:00,29.5,27.9,6.7,23.8,0.0,0.0,0,0,38.2,16.2,29.9,1017.0,0.0,24.1,259.0,0.9,3,10,Clear,clear-day
Egypt,2025-03-15 18:00:00,27.2,26.4,6.9,27.58,0.0,0.0,0,0,35.6,13.3,28.0,1017.0,0.0,24.1,57.0,0.2,1,10,Clear,clear-day
Egypt,2025-03-15 19:00:00,24.8,24.8,8.1,34.51,0.0,0.0,0,0,29.2,13.0,27.1,1018.0,0.0,24.1,0.0,0.0,0,10,Clear,clear-night
Egypt,2025-03-15 20:00:00,22.9,22.9,9.2,41.68,0.0,0.0,0,0,28.1,13.0,25.0,1018.0,0.0,24.1,0.0,0.0,0,10,Clear,clear-night
Egypt,2025-03-15 21:00:00,21.1,21.1,10.6,51.09,0.0,0.0,0,0,28.8,12.6,24.9,1019.0,0.0,24.1,0.0,0.0,0,10,Clear,clear-night
Egypt,2025-03-15 22:00:00,19.6,19.6,11.5,59.5,0.0,0.0,0,0,27.4,9.7,20.4,1019.0,0.0,24.1,0.0,0.0,0,10,Clear,clear-night
Egypt,2025-03-15 23:00:00,18.4,18.4,12.0,66.28,0.0,0.0,0,0,20.5,7.6,11.1,1019.0,0.0,24.1,0.0,0.0,0,10,Clear,clear-night
Egypt,2025-03-16 00:00:00,17.1,17.1,12.4,73.85,0.0,0.0,0,0,16.6,7.2,354.3,1019.0,0.0,24.1,0.0,0.0,0,10,Clear,clear-night
Egypt,2025-03-16 01:00:00,16.4,16.4,12.5,77.72,0.0,0.0,0,0,18.4,8.3,357.0,1018.0,0.0,24.1,0.0,0.0,0,10,Clear,clear-night
Egypt,2025-03-16 02:00:00,16.0,16.0,12.6,80.25,0.0,0.0,0,0,20.9,9.4,0.3,1018.0,0.0,24.1,0.0,0.0,0,10,Clear,clear-night
Egypt,2025-03-16 03:00:00,15.8,15.8,12.6,81.28,0.0,0.0,0,0,21.6,9.7,6.5,1018.0,0.0,24.1,0.0,0.0,0,10,Clear,clear-night
Egypt,2025-03-16 04:00:00,15.4,15.4,12.6,83.39,0.0,0.0,0,0,21.2,9.7,0.6,1018.0,0.0,24.1,0.0,0.0,0,10,Clear,clear-night
Egypt,2025-03-16 05:00:00,14.9,14.9,12.7,86.68,0.0,0.0,0,0,21.2,9.4,357.1,1018.0,0.0,24.1,0.0,0.0,0,10,Clear,clear-night
Egypt,2025-03-16 06:00:00,14.5,14.5,12.7,88.95,0.0,0.0,0,0,20.9,9.0,356.4,1018.0,0.0,24.1,0.0,0.0,0,10,Clear,clear-night
Egypt,2025-03-16 07:00:00,15.1,15.1,12.6,85.02,0.0,0.0,0,0,21.6,9.7,353.9,1018.0,0.0,24.1,42.0,0.2,0,10,Clear,clear-day
Egypt,2025-03-16 08:00:00,17.7,17.7,12.8,73.0,0.0,0.0,0,0,25.6,11.2,358.9,1018.0,0.0,24.1,230.0,0.8,2,10,Clear,clear-day
Egypt,2025-03-16 09:00:00,21.5,21.5,12.8,57.65,0.0,0.0,0,0,30.6,13.3,20.5,1018.0,0.0,24.1,450.0,1.6,5,10,Clear,clear-day
Egypt,2025-03-16 10:00:00,24.7,24.7,13.0,48.12,0.0,0.0,0,0,33.1,14.0,29.1,1018.0,0.0,24.1,642.0,2.3,6,10,Clear,clear-day
Egypt,2025-03-16 11:00:00,27.3,27.2,13.5,42.63,0.0,0.0,0,0,33.5,13.7,26.7,1017.0,0.0,24.1,783.0,2.8,8,10,Clear,clear-day
Egypt,2025-03-16 12:00:00,29.8,29.0,12.9,35.45,0.0,0.0,0,0,32.8,13.0,32.8,1017.0,0.0,24.1,859.0,3.1,9,10,Clear,clear-day
Egypt,2025-03-16 13:00:00,31.9,30.7,12.5,30.63,0.0,0.0,0,0,31.3,11.9,34.1,1016.0,0.0,24.1,865.0,3.1,9,10,Clear,clear-day
Egypt,2025-03-16 14:00:00,33.5,32.0,11.5,26.2,0.0,0.0,0,0,29.2,11.9,39.5,1015.0,0.0,24.1,797.0,2.9,8,10,Clear,clear-day
Egypt,2025-03-16 15:00:00,34.1,32.1,8.6,20.87,0.0,0.0,0,0,28.8,10.4,44.3,1014.0,0.0,24.1,663.0,2.4,7,10,Clear,clear-day
Egypt,2025-03-16 16:00:00,33.9,31.7,7.1,19.06,0.0,0.0,0,0,25.6,10.1,36.3,1014.0,0.0,24.1,476.0,1.7,5,10,Clear,clear-day
Egypt,2025-03-16 17:00:00,32.6,30.5,6.8,20.08,0.0,0.0,0,0,23.8,9.0,28.2,1014.0,0.0,24.1,258.0,0.9,3,10,Clear,clear-day
Egypt,2025-03-16 18:00:00,29.9,28.3,8.0,25.42,0.0,0.0,0,0,19.8,6.8,17.3,1014.0,0.0,24.1,58.0,0.2,1,10,Clear,clear-day
Egypt,2025-03-16 19:00:00,27.2,26.5,8.4,30.56,0.0,0.0,0,0,14.0,5.8,39.8,1015.0,0.0,24.1,0.0,0.0,0,10,Clear,clear-night
Egypt,2025-03-16 20:00:00,25.4,25.4,7.3,31.53,0.0,0.0,0,0,11.9,5.8,51.6,1015.0,0.0,24.1,0.0,0.0,0,10,Clear,clear-night
Egypt,2025-03-16 21:00:00,24.2,24.2,8.4,36.6,0.0,0.0,0,0,12.7,5.6,41.8,1015.3,0.0,24.1,0.0,0.0,0,10,Clear,clear-night
Egypt,2025-03-16 22:00:00,23.0,23.0,9.6,42.48,0.0,0.0,0,0,13.6,5.5,32.1,1015.7,0.0,24.1,0.0,0.0,0,10,Clear,clear-night
Egypt,2025-03-16 23:00:00,21.9,21.9,10.8,49.3,0.0,0.0,0,0,14.4,5.4,22.3,1016.0,0.0,24.1,0.0,0.0,0,10,Clear,clear-night
Egypt,2025-03-17 00:00:00,20.4,20.4,11.2,55.4,0.0,0.0,0,0,13.2,5.3,130.7,1015.7,0.0,24.1,0.0,0.0,0,10,Clear,clear-night
Egypt,2025-03-17 01:00:00,18.9,18.9,11.6,62.3,0.0,0.0,0,0,12.0,5.2,239.2,1015.3,0.0,24.1,0.0,0.0,0,10,Clear,clear-night
Egypt,2025-03-17 02:00:00,17.5,17.5,12.0,70.14,0.0,0.0,0,0,10.8,5.0,347.6,1015.0,0.0,24.1,0.0,0.0,0,10,Clear,clear-night
Egypt,2025-03-17 03:00:00,16.7,16.7,12.0,74.11,0.0,0.0,0,0,10.6,4.8,349.3,1014.7,0.0,24.1,0.0,0.0,0,10,Clear,clear-night
Egypt,2025-03-17 04:00:00,15.9,15.9,12.1,78.33,0.0,0.0,0,0,10.3,4.6,351.0,1014.3,0.0,24.1,0.0,0.0,0,10,Clear,clear-night
Egypt,2025-03-17 05:00:00,15.1,15.1,12.2,82.81,0.0,0.0,0,0,10.1,4.3,352.7,1014.0,0.0,24.1,0.0,0.0,0,10,Clear,clear-night
Egypt,2025-03-17 06:00:00,15.9,15.9,12.3,79.19,0.0,0.0,0,0,10.4,4.2,344.6,1014.3,20.9,24.1,0.0,0.0,0,10,Partially cloudy,partly-cloudy-night
Egypt,2025-03-17 07:00:00,16.7,16.7,12.4,75.75,0.0,0.0,0,0,10.8,4.1,336.4,1014.7,41.9,24.1,44.0,0.2,0,10,Partially cloudy,partly-cloudy-day
Egypt,2025-03-17 08:00:00,17.5,17.5,12.5,72.48,0.0,0.0,0,0,11.2,4.0,328.3,1015.0,62.8,24.1,235.0,0.8,2,10,Partially cloudy,partly-cloudy-day
Egypt,2025-03-17 09:00:00,21.3,21.3,12.6,57.6,0.0,0.0,0,0,11.9,4.0,317.7,1014.7,71.2,24.1,454.0,1.6,5,10,Partially cloudy,partly-cloudy-day
Egypt,2025-03-17 10:00:00,25.1,25.1,12.7,46.08,0.0,0.0,0,0,12.6,4.0,307.0,1014.3,79.5,24.1,645.0,2.3,6,10,Partially cloudy,partly-cloudy-day
Egypt,2025-03-17 11:00:00,28.9,28.2,12.8,37.1,0.0,0.0,0,0,13.3,4.0,296.4,1014.0,87.9,24.1,786.0,2.8,8,10,Partially cloudy,partly-cloudy-day
Egypt,2025-03-17 12:00:00,30.5,29.2,10.7,29.46,0.0,0.0,0,0,13.8,4.4,294.3,1012.7,91.9,24.1,863.0,3.1,9,10,Overcast,cloudy
Egypt,2025-03-17 13:00:00,32.1,30.3,8.6,23.37,0.0,0.0,0,0,14.3,4.9,292.1,1011.3,96.0,24.1,866.0,3.1,9,10,Overcast,cloudy
Egypt,2025-03-17 14:00:00,33.8,31.6,6.6,18.52,0.0,0.0,0,0,14.8,5.4,290.0,1010.0,100.0,24.1,798.0,2.9,8,10,Overcast,cloudy
Egypt,2025-03-17 15:00:00,33.2,31.1,6.8,19.34,0.0,0.0,0,0,15.2,5.2,294.4,1010.0,95.8,24.1,659.0,2.4,7,10,Overcast,cloudy
Egypt,2025-03-17 16:00:00,32.7,30.6,7.0,20.21,0.0,0.0,0,0,15.7,4.9,298.7,1010.0,91.6,24.1,450.0,1.6,5,10,Overcast,cloudy
Egypt,2025-03-17 17:00:00,32.2,30.2,7.2,21.11,0.0,0.0,0,0,16.2,4.7,303.1,1010.0,87.4,24.1,234.0,0.8,2,10,Partially cloudy,partly-cloudy-day
Egypt,2025-03-17 18:00:00,30.2,28.6,7.8,24.65,0.0,0.0,0,0,12.7,4.0,222.4,1010.0,91.6,24.1,57.0,0.2,1,10,Overcast,cloudy
Egypt,2025-03-17 19:00:00,28.2,27.2,8.4,28.82,0.0,0.0,0,0,9.2,3.2,141.7,1010.0,95.8,24.1,0.0,0.0,0,10,Overcast,cloudy
Egypt,2025-03-17 20:00:00,26.2,26.2,9.0,33.75,0.0,0.0,0,0,5.8,2.5,61.0,1010.0,100.0,24.1,0.0,0.0,0,10,Overcast,cloudy
Egypt,2025-03-17 21:00:00,24.2,24.2,9.4,38.99,0.0,0.0,0,0,5.3,2.3,55.3,1010.3,100.0,24.1,0.0,0.0,0,10,Overcast,cloudy
Egypt,2025-03-17 22:00:00,22.3,22.3,9.8,45.11,0.0,0.0,0,0,4.8,2.0,49.5,1010.7,100.0,24.1,0.0,0.0,0,10,Overcast,cloudy
Egypt,2025-03-17 23:00:00,20.4,20.4,10.3,52.28,0.0,0.0,0,0,4.3,1.8,43.8,1011.0,100.0,24.1,0.0,0.0,0,10,Overcast,cloudy
Egypt,2025-03-18 00:00:00,19.6,19.6,10.6,56.17,0.0,0.0,0,0,4.3,2.3,146.7,1010.7,100.0,24.1,0.0,0.0,0,10,Overcast,cloudy
Egypt,2025-03-18 01:00:00,18.8,18.8,10.9,60.37,0.0,0.0,0,0,4.3,2.8,249.6,1010.3,100.0,24.1,0.0,0.0,0,10,Overcast,cloudy
Egypt,2025-03-18 02:00:00,18.0,18.0,11.3,64.89,0.0,0.0,0,0,4.3,3.2,352.5,1010.0,100.0,24.1,0.0,0.0,0,10,Overcast,cloudy
Egypt,2025-03-18 03:00:00,17.3,17.3,11.5,69.03,0.0,0.0,0,0,4.3,2.9,235.6,1010.0,100.0,24.1,0.0,0.0,0,10,Overcast,cloudy
Egypt,2025-03-18 04:00:00,16.6,16.6,11.8,73.44,0.0,0.0,0,0,4.3,2.5,118.7,1010.0,100.0,24.1,0.0,0.0,0,10,Overcast,cloudy
Egypt,2025-03-18 05:00:00,15.9,15.9,12.1,78.15,0.0,0.0,0,0,4.3,2.2,1.8,1010.0,100.0,24.1,0.0,0.0,0,10,Overcast,cloudy
Egypt,2025-03-18 06:00:00,16.6,16.6,12.0,74.27,0.0,0.0,0,0,8.9,4.0,114.6,1010.7,84.8,24.1,0.0,0.0,0,10,Partially cloudy,partly-cloudy-night
Egypt,2025-03-18 07:00:00,17.4,17.4,12.0,70.59,0.0,0.0,0,0,13.4,5.8,227.4,1011.3,69.6,24.1,25.0,0.1,0,10,Partially cloudy,partly-cloudy-day
Egypt,2025-03-18 08:00:00,18.2,18.2,12.0,67.11,0.0,0.0,0,0,18.0,7.6,340.2,1012.0,54.4,24.1,112.0,0.4,1,10,Partially cloudy,partly-cloudy-day
Egypt,2025-03-18 09:00:00,20.9,20.9,11.9,56.26,0.0,0.0,0,0,18.8,7.6,343.0,1011.7,36.3,24.1,183.0,0.7,2,10,Partially cloudy,partly-cloudy-day
Egypt,2025-03-18 10:00:00,23.6,23.6,11.8,47.32,0.0,0.0,0,0,19.7,7.6,345.8,1011.3,18.1,24.1,456.0,1.6,5,10,Clear,clear-day
Egypt,2025-03-18 11:00:00,26.4,26.4,11.7,39.94,0.0,0.0,0,0,20.5,7.6,348.6,1011.0,0.0,24.1,454.0,1.6,5,10,Clear,clear-day
Egypt,2025-03-18 12:00:00,23.3,23.3,5.3,31.16,0.0,0.0,0,0,16.6,12.6,316.0,1012.0,100.0,24.1,553.0,2.0,6,10,Overcast,cloudy
Egypt,2025-03-18 13:00:00,25.1,25.1,3.9,25.36,0.0,0.0,0,0,16.6,12.2,293.3,1011.0,4.1,24.1,791.0,2.8,8,10,Clear,clear-day
Egypt,2025-03-18 14:00:00,27.0,26.1,2.7,20.82,0.0,0.0,0,0,22.3,16.9,295.9,1010.0,0.0,24.1,788.0,2.8,8,10,Clear,clear-day
Egypt,2025-03-18 15:00:00,26.6,26.6,2.7,21.37,0.0,0.0,0,0,24.1,21.5,299.0,1010.3,0.0,24.1,679.3,2.4,7,10,Clear,clear-day
Egypt,2025-03-18 16:00:00,26.2,26.2,2.7,21.93,0.0,0.0,0,0,25.9,26.0,302.0,1010.7,0.0,24.1,570.7,2.1,6,10,Clear,clear-day
Egypt,2025-03-18 17:00:00,25.8,25.8,2.8,22.51,0.0,0.0,0,0,27.7,30.6,305.1,1011.0,0.0,24.1,462.0,1.7,5,10,Clear,clear-day
Egypt,2025-03-18 18:00:00,23.6,23.6,3.7,27.38,0.0,0.0,0,0,30.0,30.2,311.4,1011.7,0.0,24.1,308.0,1.1,3,10,Clear,clear-day
Egypt,2025-03-18 19:00:00,21.5,21.5,4.7,33.35,0.0,0.0,0,0,32.3,29.9,317.6,1012.3,0.0,24.1,154.0,0.6,0,10,Clear,clear-night
Egypt,2025-03-18 20:00:00,19.4,19.4,5.7,40.68,0.0,0.0,0,0,34.6,29.5,323.9,1013.0,0.0,24.1,0.0,0.0,0,10,Clear,clear-night
Egypt,2025-03-18 21:00:00,18.5,18.5,6.6,45.79,0.0,0.0,0,0,33.6,27.0,325.7,1013.7,0.2,24.1,0.0,0.0,0,10,Clear,clear-night
Egypt,2025-03-18 22:00:00,17.6,17.6,7.5,51.54,0.0,0.0,0,0,32.6,24.5,327.4,1014.3,0.3,24.1,0.0,0.0,0,10,Clear,clear-night
Egypt,2025-03-18 23:00:00,16.7,16.7,8.4,58.01,0.0,0.0,0,0,31.7,22.0,329.2,1015.0,0.5,24.1,0.0,0.0,0,10,Clear,clear-night
Egypt,2025-03-19 00:00:00,16.2,16.2,8.8,61.4,0.0,0.0,0,0,29.3,19.7,326.3,1014.7,6.4,24.1,0.0,0.0,0,10,Clear,clear-night
Egypt,2025-03-19 01:00:00,15.8,15.8,9.2,65.0,0.0,0.0,0,0,26.9,17.4,323.4,1014.3,12.4,24.1,0.0,0.0,0,10,Clear,clear-night
Egypt,2025-03-19 02:00:00,15.4,15.4,9.7,68.8,0.0,0.0,0,0,24.5,15.1,320.5,1014.0,18.3,24.1,0.0,0.0,0,10,Clear,clear-night
Egypt,2025-03-19 03:00:00,15.2,15.2,9.6,69.38,0.0,0.0,0,0,22.4,13.7,317.1,1014.3,21.6,24.1,0.0,0.0,0,10,Partially cloudy,partly-cloudy-night
Egypt,2025-03-19 04:00:00,14.9,14.9,9.5,69.96,0.0,0.0,0,0,20.4,12.2,313.8,1014.7,24.8,24.1,0.0,0.0,0,10,Partially cloudy,partly-cloudy-night
Egypt,2025-03-19 05:00:00,14.8,14.8,9.5,70.55,0.0,0.0,0,0,18.4,10.8,310.4,1015.0,28.1,24.1,0.0,0.0,0,10,Partially cloudy,partly-cloudy-night
Egypt,2025-03-19 06:00:00,15.1,15.1,9.2,67.68,0.0,0.0,0,0,19.6,11.5,303.3,1015.3,18.7,24.1,31.7,0.2,0,10,Clear,clear-night
Egypt,2025-03-19 07:00:00,15.5,15.5,8.9,64.93,0.0,0.0,0,0,20.8,12.2,296.3,1015.7,9.4,24.1,63.3,0.3,1,10,Clear,clear-day
Egypt,2025-03-19 08:00:00,15.9,15.9,8.7,62.29,0.0,0.0,0,0,22.0,13.0,289.2,1016.0,0.0,24.1,95.0,0.3,1,10,Clear,clear-day
Egypt,2025-03-19 09:00:00,17.4,17.4,7.2,51.15,0.0,0.0,0,0,25.0,16.7,288.6,1015.7,0.0,24.1,273.3,1.0,3,10,Clear,clear-day
Egypt,2025-03-19 10:00:00,18.9,18.9,5.7,41.99,0.0,0.0,0,0,28.0,20.4,287.9,1015.3,0.0,24.1,451.7,1.6,5,10,Clear,clear-day
Egypt,2025-03-19 11:00:00,20.5,20.5,4.3,34.47,0.0,0.0,0,0,31.0,24.1,287.3,1015.0,0.0,24.1,630.0,2.3,6,10,Clear,clear-day
Egypt,2025-03-19 12:00:00,21.3,21.3,3.4,30.88,0.0,0.0,0,0,33.5,27.5,290.2,1014.7,1.7,24.1,701.7,2.5,7,10,Clear,clear-day
Egypt,2025-03-19 13:00:00,22.1,22.1,2.5,27.65,0.0,0.0,0,0,36.0,30.8,293.0,1014.3,3.3,24.1,773.3,2.8,8,10,Clear,clear-day
Egypt,2025-03-19 14:00:00,22.9,22.9,1.7,24.76,0.0,0.0,0,0,38.5,34.2,295.9,1014.0,5.0,24.1,845.0,3.0,8,10,Clear,clear-day
Egypt,2025-03-19 15:00:00,21.0,21.0,2.7,29.87,0.0,3.2,0,0,38.8,35.8,304.5,1015.0,24.2,24.1,715.0,2.5,7,10,Partially cloudy,partly-cloudy-day
Egypt,2025-03-19 16:00:00,19.1,19.1,3.7,36.07,0.0,3.2,0,0,39.0,37.3,313.1,1016.0,43.4,24.1,585.0,2.1,6,10,Partially cloudy,partly-cloudy-day
Egypt,2025-03-19 17:00:00,17.3,17.3,4.8,43.6,0.0,3.2,0,0,39.2,38.9,321.7,1017.0,62.6,24.1,455.0,1.6,5,10,Partially cloudy,partly-cloudy-day
Egypt,2025-03-19 18:00:00,16.2,16.2,3.6,43.08,0.0,3.2,0,0,38.4,36.1,323.6,1018.0,50.0,24.1,303.3,1.1,3,10,Partially cloudy,partly-cloudy-day
Egypt,2025-03-19 19:00:00,15.1,15.1,2.4,42.56,0.0,3.2,0,0,37.6,33.4,325.6,1019.0,37.5,24.1,151.7,0.5,0,10,Partially cloudy,partly-cloudy-night
Egypt,2025-03-19 20:00:00,14.0,14.0,1.3,42.04,0.0,3.2,0,0,36.7,30.6,327.5,1020.0,24.9,24.1,0.0,0.0,0,10,Partially cloudy,partly-cloudy-night
Egypt,2025-03-19 21:00:00,13.6,13.6,0.9,41.94,0.0,0.0,0,0,36.0,29.8,325.9,1020.3,40.6,24.1,0.0,0.0,0,10,Partially cloudy,partly-cloudy-night
Egypt,2025-03-19 22:00:00,13.3,13.3,0.6,41.85,0.0,0.0,0,0,35.3,28.9,324.4,1020.7,56.2,24.1,0.0,0.0,0,10,Partially cloudy,partly-cloudy-night
Egypt,2025-03-19 23:00:00,13.0,13.0,0.3,41.75,0.0,0.0,0,0,34.6,28.1,322.8,1021.0,71.9,24.1,0.0,0.0,0,10,Partially cloudy,partly-cloudy-night
Egypt,2025-03-20 00:00:00,12.6,12.6,0.2,42.66,0.0,0.0,0,0,34.9,28.1,324.2,1021.0,70.0,24.1,0.0,0.0,0,10,Partially cloudy,partly-cloudy-night
Egypt,2025-03-20 01:00:00,12.2,12.2,0.2,43.59,0.0,0.0,0,0,35.3,28.1,325.5,1021.0,68.2,24.1,0.0,0.0,0,10,Partially cloudy,partly-cloudy-night
Egypt,2025-03-20 02:00:00,11.9,11.9,0.2,44.55,0.0,0.0,0,0,35.6,28.1,326.9,1021.0,66.3,24.1,0.0,0.0,0,10,Partially cloudy,partly-cloudy-night
Egypt,2025-03-20 03:00:00,11.9,11.9,-0.2,43.3,0.0,0.0,0,0,35.5,27.5,324.5,1021.0,71.8,24.1,0.0,0.0,0,10,Partially cloudy,partly-cloudy-night
Egypt,2025-03-20 04:00:00,12.0,12.0,-0.5,42.07,0.0,0.0,0,0,35.4,26.9,322.1,1021.0,77.4,24.1,0.0,0.0,0,10,Partially cloudy,partly-cloudy-night
Egypt,2025-03-20 05:00:00,12.1,12.1,-0.8,40.88,0.0,0.0,0,0,35.3,26.3,319.7,1021.0,82.9,24.1,0.0,0.0,0,10,Partially cloudy,partly-cloudy-night
Egypt,2025-03-20 06:00:00,12.4,12.4,-1.1,39.04,0.0,0.0,0,0,35.2,26.6,319.7,1021.3,72.6,24.1,26.3,0.2,0,10,Partially cloudy,partly-cloudy-day
Egypt,2025-03-20 07:00:00,12.8,12.8,-1.4,37.29,0.0,0.0,0,0,35.0,27.0,319.7,1021.7,62.2,24.1,52.7,0.3,1,10,Partially cloudy,partly-cloudy-day
Egypt,2025-03-20 08:00:00,13.2,13.2,-1.7,35.61,0.0,0.0,0,0,34.9,27.4,319.7,1022.0,51.9,24.1,79.0,0.3,1,10,Partially cloudy,partly-cloudy-day
Egypt,2025-03-20 09:00:00,13.9,13.9,-1.7,34.12,0.0,0.0,0,0,35.5,29.3,318.4,1022.0,36.6,24.1,263.3,1.0,3,10,Partially cloudy,partly-cloudy-day
Egypt,2025-03-20 10:00:00,14.6,14.6,-1.6,32.7,0.0,0.0,0,0,36.1,31.2,317.0,1022.0,21.4,24.1,447.7,1.6,4,10,Partially cloudy,partly-cloudy-day
Egypt,2025-03-20 11:00:00,15.4,15.4,-1.5,31.34,0.0,0.0,0,0,36.7,33.1,315.7,1022.0,6.1,24.1,632.0,2.3,6,10,Clear,clear-day
Egypt,2025-03-20 12:00:00,15.8,15.8,-2.0,29.52,0.0,0.0,0,0,38.9,34.4,314.0,1021.7,34.0,24.1,709.0,2.6,7,10,Partially cloudy,partly-cloudy-day
Egypt,2025-03-20 13:00:00,16.2,16.2,-2.5,27.8,0.0,0.0,0,0,41.0,35.8,312.2,1021.3,61.8,24.1,786.0,2.8,8,10,Partially cloudy,partly-cloudy-day
Egypt,2025-03-20 14:00:00,16.6,16.6,-2.9,26.18,0.0,0.0,0,0,43.2,37.1,310.5,1021.0,89.7,24.1,863.0,3.1,9,10,Partially cloudy,partly-cloudy-day
Egypt,2025-03-20 15:00:00,16.0,16.0,-2.9,27.22,0.0,0.0,0,0,44.0,37.6,310.1,1021.3,61.5,24.1,728.3,2.6,7,10,Partially cloudy,partly-cloudy-day
Egypt,2025-03-20 16:00:00,15.5,15.5,-2.8,28.3,0.0,0.0,0,0,44.9,38.0,309.7,1021.7,33.2,24.1,593.7,2.2,6,10,Partially cloudy,partly-cloudy-day
Egypt,2025-03-20 17:00:00,15.0,15.0,-2.7,29.43,0.0,0.0,0,0,45.7,38.5,309.3,1022.0,5.0,24.1,459.0,1.7,5,10,Clear,clear-day
Egypt,2025-03-20 18:00:00,14.0,14.0,-1.8,33.72,0.0,0.0,0,0,45.0,36.0,311.4,1022.7,36.7,24.1,306.0,1.1,3,10,Partially cloudy,partly-cloudy-day
Egypt,2025-03-20 19:00:00,13.0,13.0,-0.8,38.63,0.0,0.0,0,0,44.3,33.5,313.5,1023.3,68.3,24.1,153.0,0.6,0,10,Partially cloudy,partly-cloudy-night
Egypt,2025-03-20 20:00:00,12.0,12.0,0.2,44.26,0.0,0.0,0,0,43.6,31.0,315.6,1024.0,100.0,24.1,0.0,0.0,0,10,Overcast,cloudy
Egypt,2025-03-20 21:00:00,11.6,11.6,0.6,46.8,0.0,0.0,0,0,41.2,28.2,310.9,1023.7,69.3,24.1,0.0,0.0,0,10,Partially cloudy,partly-cloudy-night
Egypt,2025-03-20 22:00:00,11.3,11.3,1.1,49.47,0.0,0.0,0,0,38.8,25.4,306.1,1023.3,38.6,24.1,0.0,0.0,0,10,Partially cloudy,partly-cloudy-night
Egypt,2025-03-20 23:00:00,11.0,11.0,1.6,52.3,0.0,0.0,0,0,36.4,22.7,301.4,1023.0,7.9,24.1,0.0,0.0,0,10,Clear,clear-night
Egypt,2025-03-21 00:00:00,10.7,10.7,1.7,53.75,0.0,0.0,0,0,35.5,21.6,290.5,1022.7,33.2,24.1,0.0,0.0,0,10,Partially cloudy,partly-cloudy-night
Egypt,2025-03-21 01:00:00,10.4,10.4,1.8,55.23,0.0,0.0,0,0,34.7,20.5,279.5,1022.3,58.6,24.1,0.0,0.0,0,10,Partially cloudy,partly-cloudy-night
Egypt,2025-03-21 02:00:00,10.2,10.2,2.0,56.76,0.1,0.0,0,0,33.8,19.4,268.6,1022.0,83.9,24.1,0.0,0.0,0,10,Partially cloudy,partly-cloudy-night
Egypt,2025-03-21 03:00:00,10.2,10.2,1.9,56.63,0.0,0.0,0,0,33.5,19.8,265.7,1022.0,88.6,24.1,0.0,0.0,0,10,Partially cloudy,partly-cloudy-night
Egypt,2025-03-21 04:00:00,10.2,10.2,1.9,56.49,0.0,0.0,0,0,33.1,20.2,262.8,1022.0,93.4,24.1,0.0,0.0,0,10,Overcast,cloudy
Egypt,2025-03-21 05:00:00,10.2,10.2,1.9,56.36,0.1,0.0,0,0,32.8,20.5,259.9,1022.0,98.1,24.1,0.0,0.0,0,10,Overcast,cloudy
Egypt,2025-03-21 06:00:00,10.9,10.9,2.1,54.82,0.0,0.0,0,0,35.0,22.7,270.9,1022.3,98.6,24.1,17.0,0.1,0,10,Overcast,cloudy
Egypt,2025-03-21 07:00:00,11.6,11.6,2.4,53.34,0.0,0.0,0,0,37.3,24.8,281.8,1022.7,99.2,24.1,34.0,0.1,0,10,Overcast,cloudy
Egypt,2025-03-21 08:00:00,12.3,12.3,2.7,51.91,0.1,0.0,0,0,39.6,27.0,292.8,1023.0,99.7,24.1,51.0,0.2,1,10,Overcast,cloudy
Egypt,2025-03-21 09:00:00,12.8,12.8,2.2,48.39,0.0,0.0,0,0,38.8,27.5,294.5,1022.7,99.8,24.1,94.7,0.4,1,10,Overcast,cloudy
Egypt,2025-03-21 10:00:00,13.4,13.4,1.7,45.1,0.0,0.0,0,0,37.9,28.0,296.3,1022.3,99.9,24.1,138.3,0.5,1,10,Overcast,cloudy
Egypt,2025-03-21 11:00:00,14.0,14.0,1.3,42.04,0.3,0.0,0,0,37.1,28.4,298.0,1022.0,100.0,24.1,182.0,0.7,2,10,Overcast,cloudy
Egypt,2025-03-21 12:00:00,14.8,14.8,1.3,39.75,0.0,0.0,0,0,37.8,28.3,300.2,1021.3,81.4,24.1,234.0,0.9,2,10,Partially cloudy,partly-cloudy-day
Egypt,2025-03-21 13:00:00,15.7,15.7,1.3,37.6,0.0,0.0,0,0,38.5,28.2,302.5,1020.7,62.9,24.1,286.0,1.0,3,10,Partially cloudy,partly-cloudy-day
Egypt,2025-03-21 14:00:00,16.6,16.6,1.3,35.58,0.0,0.0,0,0,39.2,28.1,304.7,1020.0,44.3,24.1,338.0,1.2,3,10,Partially cloudy,partly-cloudy-day
Egypt,2025-03-21 15:00:00,16.1,16.1,2.0,38.71,0.0,3.2,0,0,39.2,29.9,306.3,1020.3,62.9,24.1,347.7,1.2,3,10,Partially cloudy,partly-cloudy-day
Egypt,2025-03-21 16:00:00,15.6,15.6,2.7,42.1,0.0,3.2,0,0,39.2,31.7,307.8,1020.7,81.4,24.1,357.3,1.3,4,10,Partially cloudy,partly-cloudy-day
Egypt,2025-03-21 17:00:00,15.1,15.1,3.5,45.79,0.0,3.2,0,0,39.2,33.5,309.4,1021.0,100.0,24.1,367.0,1.3,4,10,Overcast,cloudy
Egypt,2025-03-21 18:00:00,14.7,14.7,4.2,49.26,0.0,3.2,0,0,38.4,30.7,306.1,1021.3,100.0,24.1,244.7,0.9,2,10,Overcast,cloudy
Egypt,2025-03-21 19:00:00,14.4,14.4,4.9,52.98,0.0,3.2,0,0,37.6,28.0,302.7,1021.7,100.0,24.1,122.3,0.4,0,10,Overcast,cloudy
Egypt,2025-03-21 20:00:00,14.1,14.1,5.7,56.96,0.1,3.2,0,0,36.7,25.2,299.4,1022.0,100.0,24.1,0.0,0.0,0,10,Overcast,cloudy
Egypt,2025-03-21 21:00:00,13.9,13.9,5.8,58.24,0.0,0.0,0,0,36.0,24.4,298.7,1021.7,100.0,24.1,0.0,0.0,0,10,Overcast,cloudy
Egypt,2025-03-21 22:00:00,13.7,13.7,5.9,59.55,0.0,0.0,0,0,35.3,23.5,297.9,1021.3,100.0,24.1,0.0,0.0,0,10,Overcast,cloudy
Egypt,2025-03-21 23:00:00,13.5,13.5,6.1,60.89,0.3,0.0,0,0,34.6,22.7,297.2,1021.0,100.0,24.1,0.0,0.0,0,10,Overcast,cloudy
Egypt,2025-03-22 00:00:00,13.3,13.3,5.9,60.86,0.0,0.0,0,0,34.6,22.6,295.9,1020.7,100.0,24.1,0.0,0.0,0,10,Overcast,cloudy
Egypt,2025-03-22 01:00:00,13.2,13.2,5.8,60.82,0.0,0.0,0,0,34.6,22.4,294.6,1020.3,100.0,24.1,0.0,0.0,0,10,Overcast,cloudy
Egypt,2025-03-22 02:00:00,13.1,13.1,5.7,60.79,0.1,0.0,0,0,34.6,22.3,293.3,1020.0,100.0,24.1,0.0,0.0,0,10,Overcast,cloudy
Egypt,2025-03-22 03:00:00,13.0,13.0,5.7,61.2,0.0,3.2,0,0,33.5,21.6,294.6,1020.0,100.0,24.1,0.0,0.0,0,10,Overcast,cloudy
Egypt,2025-03-22 04:00:00,12.9,12.9,5.7,61.61,0.0,3.2,0,0,32.4,20.9,295.9,1020.0,100.0,24.1,0.0,0.0,0,10,Overcast,cloudy
Egypt,2025-03-22 05:00:00,12.9,12.9,5.8,62.02,0.3,3.2,0,0,31.3,20.2,297.2,1020.0,100.0,24.1,0.0,0.0,0,10,Overcast,cloudy
Egypt,2025-03-22 06:00:00,13.1,13.1,5.8,61.36,0.0,3.2,0,0,30.2,19.9,295.8,1020.3,100.0,24.1,13.0,0.0,0,10,Overcast,cloudy
Egypt,2025-03-22 07:00:00,13.3,13.3,5.9,60.72,0.0,3.2,0,0,29.2,19.7,294.4,1020.7,100.0,24.1,26.0,0.1,0,10,Overcast,cloudy
Egypt,2025-03-22 08:00:00,13.6,13.6,6.0,60.08,0.1,3.2,0,0,28.1,19.4,293.0,1021.0,100.0,24.1,39.0,0.1,0,10,Overcast,cloudy
Egypt,2025-03-22 09:00:00,14.7,14.7,5.5,53.93,0.0,3.2,0,0,27.1,18.7,301.1,1021.0,99.8,24.1,151.3,0.5,2,10,Overcast,cloudy
Egypt,2025-03-22 10:00:00,15.9,15.9,5.0,48.45,0.0,3.2,0,0,26.2,18.0,309.1,1021.0,99.7,24.1,263.7,1.0,3,10,Overcast,cloudy
Egypt,2025-03-22 11:00:00,17.1,17.1,4.6,43.54,0.1,3.2,0,0,25.2,17.3,317.2,1021.0,99.5,24.1,376.0,1.4,4,10,Overcast,cloudy
Egypt,2025-03-22 12:00:00,17.6,17.6,4.1,40.92,0.0,3.2,0,0,25.2,17.4,308.9,1020.3,70.0,24.1,389.7,1.4,4,10,Partially cloudy,partly-cloudy-day
Egypt,2025-03-22 13:00:00,18.1,18.1,3.7,38.47,0.0,3.2,0,0,25.2,17.5,300.5,1019.7,40.5,24.1,403.3,1.5,4,10,Partially cloudy,partly-cloudy-day
Egypt,2025-03-22 14:00:00,18.6,18.6,3.3,36.16,0.0,3.2,0,0,25.2,17.6,292.2,1019.0,11.0,24.1,417.0,1.5,4,10,Clear,clear-day
Egypt,2025-03-22 15:00:00,18.7,18.7,3.2,35.53,0.0,0.0,0,0,25.7,20.3,291.5,1019.0,8.2,24.1,436.7,1.6,4,10,Clear,clear-day
Egypt,2025-03-22 16:00:00,18.9,18.9,3.1,34.92,0.0,0.0,0,0,26.2,22.9,290.8,1019.0,5.4,24.1,456.3,1.6,5,10,Clear,clear-day
Egypt,2025-03-22 17:00:00,19.1,19.1,3.0,34.31,0.0,0.0,0,0,26.6,25.6,290.1,1019.0,2.6,24.1,476.0,1.7,5,10,Clear,clear-day
Egypt,2025-03-22 18:00:00,18.0,18.0,3.3,37.39,0.0,0.0,0,0,27.0,24.1,305.2,1019.7,2.6,24.1,317.3,1.1,3,10,Clear,clear-day
Egypt,2025-03-22 19:00:00,17.0,17.0,3.6,40.76,0.0,0.0,0,0,27.4,22.7,320.4,1020.3,2.6,24.1,158.7,0.6,0,10,Clear,clear-night
Egypt,2025-03-22 20:00:00,16.0,16.0,3.9,44.46,0.0,0.0,0,0,27.7,21.2,335.5,1021.0,2.6,24.1,0.0,0.0,0,10,Clear,clear-night
Egypt,2025-03-22 21:00:00,15.2,15.2,4.0,47.04,0.0,3.2,0,0,23.8,18.4,227.9,1021.0,3.8,24.1,0.0,0.0,0,10,Clear,clear-night
Egypt,2025-03-22 22:00:00,14.5,14.5,4.1,49.77,0.0,3.2,0,0,19.8,15.5,120.4,1021.0,5.1,24.1,0.0,0.0,0,10,Clear,clear-night
Egypt,2025-03-22 23:00:00,13.8,13.8,4.3,52.69,0.0,3.2,0,0,15.8,12.6,12.8,1021.0,6.3,24.1,0.0,0.0,0,10,Clear,clear-night
Egypt,2025-03-23 00:00:00,13.4,13.4,4.1,53.1,0.0,3.2,0,0,13.6,10.7,20.3,1020.7,5.4,24.1,0.0,0.0,0,10,Clear,clear-night
Egypt,2025-03-23 01:00:00,13.2,13.2,3.9,53.52,0.0,3.2,0,0,11.3,8.8,27.9,1020.3,4.4,24.1,0.0,0.0,0,10,Clear,clear-night
Egypt,2025-03-23 02:00:00,12.9,12.9,3.8,53.94,0.0,3.2,0,0,9.0,6.8,35.4,1020.0,3.5,24.1,0.0,0.0,0,10,Clear,clear-night
Egypt,2025-03-23 03:00:00,12.7,12.7,3.7,54.4,0.0,0.0,0,0,7.8,6.0,40.4,1020.0,2.3,24.1,0.0,0.0,0,10,Clear,clear-night
Egypt,2025-03-23 04:00:00,12.4,12.4,3.6,54.86,0.0,0.0,0,0,6.6,5.2,45.4,1020.0,1.2,24.1,0.0,0.0,0,10,Clear,clear-night
Egypt,2025-03-23 05:00:00,12.3,12.3,3.6,55.32,0.0,0.0,0,0,5.4,4.3,50.4,1020.0,0.0,24.1,0.0,0.0,0,10,Clear,clear-night
Egypt,2025-03-23 06:00:00,12.8,12.8,3.6,53.55,0.0,0.0,0,0,5.4,4.4,65.8,1020.0,0.0,24.1,35.3,0.1,0,10,Clear,clear-day
Egypt,2025-03-23 07:00:00,13.3,13.3,3.6,51.83,0.0,0.0,0,0,5.4,4.6,81.1,1020.0,0.0,24.1,70.7,0.3,1,10,Clear,clear-day
Egypt,2025-03-23 08:00:00,13.9,13.9,3.7,50.18,0.0,0.0,0,0,5.4,4.7,96.5,1020.0,0.0,24.1,106.0,0.4,1,10,Clear,clear-day
Egypt,2025-03-23 09:00:00,15.1,15.1,3.4,45.68,0.0,0.0,0,0,5.2,4.6,142.0,1020.0,0.0,24.1,288.0,1.0,3,10,Clear,clear-day
Egypt,2025-03-23 10:00:00,16.3,16.3,3.2,41.61,0.0,0.0,0,0,4.9,4.4,187.5,1020.0,0.1,24.1,470.0,1.7,5,10,Clear,clear-day
Egypt,2025-03-23 11:00:00,17.5,17.5,3.0,37.93,0.0,0.0,0,0,4.7,4.3,233.0,1020.0,0.1,24.1,652.0,2.3,7,10,Clear,clear-day
Egypt,2025-03-23 12:00:00,18.7,18.7,2.4,33.57,0.0,0.0,0,0,5.0,3.1,171.7,1018.7,23.5,24.1,720.3,2.6,7,10,Partially cloudy,partly-cloudy-day
Egypt,2025-03-23 13:00:00,20.0,20.0,1.8,29.73,0.0,0.0,0,0,5.4,1.9,110.5,1017.3,47.0,24.1,788.7,2.8,8,10,Partially cloudy,partly-cloudy-day
Egypt,2025-03-23 14:00:00,21.3,21.3,1.2,26.34,0.0,0.0,0,0,5.8,0.7,49.2,1016.0,70.4,24.1,857.0,3.1,9,10,Partially cloudy,partly-cloudy-day
Egypt,2025-03-23 15:00:00,21.9,21.9,0.9,24.7,0.0,3.2,0,0,6.6,1.6,130.4,1015.7,80.3,24.1,724.3,2.6,7,10,Partially cloudy,partly-cloudy-day
Egypt,2025-03-23 16:00:00,22.7,22.7,0.6,23.16,0.0,3.2,0,0,7.4,2.4,211.7,1015.3,90.1,24.1,591.7,2.2,6,10,Overcast,cloudy
Egypt,2025-03-23 17:00:00,23.4,23.4,0.3,21.72,0.0,3.2,0,0,8.3,3.2,292.9,1015.0,100.0,24.1,459.0,1.7,5,10,Overcast,cloudy
Egypt,2025-03-23 18:00:00,22.4,22.4,0.9,24.12,0.0,3.2,0,0,12.4,8.2,196.1,1015.0,66.7,24.1,306.0,1.1,3,10,Partially cloudy,partly-cloudy-day
Egypt,2025-03-23 19:00:00,21.5,21.5,1.6,26.78,0.0,3.2,0,0,16.4,13.1,99.2,1015.0,33.3,24.1,153.0,0.6,0,10,Partially cloudy,partly-cloudy-night
Egypt,2025-03-23 20:00:00,20.6,20.6,2.3,29.75,0.0,3.2,0,0,20.5,18.0,2.4,1015.0,0.0,24.1,0.0,0.0,0,10,Clear,clear-night
Egypt,2025-03-23 21:00:00,19.3,19.3,3.2,34.23,0.0,0.0,0,0,20.6,17.5,15.5,1015.3,1.7,24.1,0.0,0.0,0,10,Clear,clear-night
Egypt,2025-03-23 22:00:00,18.1,18.1,4.1,39.39,0.0,0.0,0,0,20.8,17.0,28.5,1015.7,3.3,24.1,0.0,0.0,0,10,Clear,clear-night
Egypt,2025-03-23 23:00:00,16.9,16.9,5.0,45.34,0.0,0.0,0,0,20.9,16.6,41.6,1016.0,5.0,24.1,0.0,0.0,0,10,Clear,clear-night
Egypt,2025-03-24 00:00:00,16.7,16.7,4.8,45.2,0.0,0.0,0,0,19.6,15.1,42.5,1015.3,36.7,24.1,0.0,0.0,0,10,Partially cloudy,partly-cloudy-night
Egypt,2025-03-24 01:00:00,16.6,16.6,4.6,45.06,0.0,0.0,0,0,18.2,13.7,43.4,1014.7,68.3,24.1,0.0,0.0,0,10,Partially cloudy,partly-cloudy-night
Egypt,2025-03-24 02:00:00,16.5,16.5,4.5,44.91,0.0,0.0,0,0,16.9,12.2,44.3,1014.0,100.0,24.1,0.0,0.0,0,10,Overcast,cloudy
Egypt,2025-03-24 03:00:00,16.3,16.3,4.3,44.67,0.0,0.0,0,0,15.6,11.4,38.0,1013.7,89.4,24.1,0.0,0.0,0,10,Partially cloudy,partly-cloudy-night
Egypt,2025-03-24 04:00:00,16.2,16.2,4.1,44.42,0.0,0.0,0,0,14.3,10.6,31.6,1013.3,78.9,24.1,0.0,0.0,0,10,Partially cloudy,partly-cloudy-night
Egypt,2025-03-24 05:00:00,16.1,16.1,3.9,44.18,0.0,0.0,0,0,13.0,9.7,25.3,1013.0,68.3,24.1,0.0,0.0,0,10,Partially cloudy,partly-cloudy-night
Egypt,2025-03-24 06:00:00,16.8,16.8,3.6,41.37,0.0,0.0,0,0,14.5,11.8,26.1,1013.3,60.8,24.1,36.3,0.1,0,10,Partially cloudy,partly-cloudy-day
Egypt,2025-03-24 07:00:00,17.5,17.5,3.3,38.75,0.0,0.0,0,0,16.1,13.8,27.0,1013.7,53.4,24.1,72.7,0.3,1,10,Partially cloudy,partly-cloudy-day
Egypt,2025-03-24 08:00:00,18.2,18.2,3.0,36.3,0.0,0.0,0,0,17.6,15.8,27.8,1014.0,45.9,24.1,109.0,0.4,1,10,Partially cloudy,partly-cloudy-day
Egypt,2025-03-24 09:00:00,19.9,19.9,2.8,32.13,0.0,3.2,0,0,18.2,17.4,28.9,1013.7,32.3,24.1,288.7,1.0,3,10,Partially cloudy,partly-cloudy-day
Egypt,2025-03-24 10:00:00,21.7,21.7,2.6,28.48,0.0,3.2,0,0,18.8,19.0,30.1,1013.3,18.6,24.1,468.3,1.7,5,10,Clear,clear-day
Egypt,2025-03-24 11:00:00,23.5,23.5,2.5,25.28,0.0,3.2,0,0,19.4,20.5,31.2,1013.0,5.0,24.1,648.0,2.3,6,10,Clear,clear-day
Egypt,2025-03-24 12:00:00,24.3,24.3,2.6,24.38,0.0,3.2,0,0,18.6,19.1,32.9,1012.3,36.7,24.1,668.7,2.4,7,10,Partially cloudy,partly-cloudy-day
Egypt,2025-03-24 13:00:00,25.1,25.1,2.8,23.52,0.0,3.2,0,0,17.8,17.6,34.5,1011.7,68.3,24.1,689.3,2.5,7,10,Partially cloudy,partly-cloudy-day
Egypt,2025-03-24 14:00:00,25.9,25.9,3.0,22.69,0.0,3.2,0,0,16.9,16.2,36.2,1011.0,100.0,24.1,710.0,2.6,7,10,Overcast,cloudy
Egypt,2025-03-24 15:00:00,26.1,26.1,2.8,22.22,0.0,0.0,0,0,19.2,19.7,24.3,1010.7,76.9,24.1,607.7,2.2,6,10,Partially cloudy,partly-cloudy-day
Egypt,2025-03-24 16:00:00,26.3,26.3,2.7,21.75,0.0,0.0,0,0,21.5,23.2,12.5,1010.3,53.7,24.1,505.3,1.9,5,10,Partially cloudy,partly-cloudy-day
Egypt,2025-03-24 17:00:00,26.5,26.5,2.6,21.29,0.0,0.0,0,0,23.8,26.6,0.6,1010.0,30.6,24.1,403.0,1.5,4,10,Partially cloudy,partly-cloudy-day
Egypt,2025-03-24 18:00:00,23.7,23.7,4.3,28.37,0.0,0.0,0,0,28.4,28.0,2.4,1011.3,23.8,24.1,268.7,1.0,3,10,Partially cloudy,partly-cloudy-day
Egypt,2025-03-24 19:00:00,20.9,20.9,6.0,37.88,0.0,0.0,0,0,33.1,29.3,4.3,1012.7,17.0,24.1,134.3,0.5,0,10,Clear,clear-night
Egypt,2025-03-24 20:00:00,18.2,18.2,7.8,50.66,0.0,0.0,0,0,37.8,30.6,6.1,1014.0,10.2,24.1,0.0,0.0,0,10,Clear,clear-night
Egypt,2025-03-24 21:00:00,17.1,17.1,8.1,55.43,0.0,0.0,0,0,35.4,28.1,123.6,1014.3,6.8,24.1,0.0,0.0,0,10,Clear,clear-night
Egypt,2025-03-24 22:00:00,16.1,16.1,8.5,60.68,0.0,0.0,0,0,33.0,25.6,241.2,1014.7,3.4,24.1,0.0,0.0,0,10,Clear,clear-night
Egypt,2025-03-24 23:00:00,15.1,15.1,8.9,66.46,0.0,0.0,0,0,30.6,23.0,358.7,1015.0,0.0,24.1,0.0,0.0,0,10,Clear,clear-night
Egypt,2025-03-25 00:00:00,14.5,14.5,8.9,68.79,0.0,0.0,0,0,28.4,20.6,355.1,1015.0,0.0,24.1,0.0,0.0,0,10,Clear,clear-night
Egypt,2025-03-25 01:00:00,14.0,14.0,8.9,71.2,0.0,0.0,0,0,26.3,18.2,351.4,1015.0,0.0,24.1,0.0,0.0,0,10,Clear,clear-night
Egypt,2025-03-25 02:00:00,13.5,13.5,8.9,73.71,0.0,0.0,0,0,24.1,15.8,347.8,1015.0,0.0,24.1,0.0,0.0,0,10,Clear,clear-night
Egypt,2025-03-25 03:00:00,13.2,13.2,8.8,74.66,0.0,0.0,0,0,22.9,15.0,346.1,1015.0,0.0,24.1,0.0,0.0,0,10,Clear,clear-night
Egypt,2025-03-25 04:00:00,12.9,12.9,8.7,75.63,0.0,0.0,0,0,21.7,14.2,344.4,1015.0,0.0,24.1,0.0,0.0,0,10,Clear,clear-night
Egypt,2025-03-25 05:00:00,12.6,12.6,8.6,76.61,0.0,0.0,0,0,20.5,13.3,342.7,1015.0,0.0,24.1,0.0,0.0,0,10,Clear,clear-night
Egypt,2025-03-25 06:00:00,13.0,13.0,8.4,73.47,0.0,0.0,0,0,19.0,12.5,338.8,1015.3,0.0,24.1,37.0,0.1,0,10,Clear,clear-day
Egypt,2025-03-25 07:00:00,13.5,13.5,8.2,70.47,0.0,0.0,0,0,17.4,11.6,334.8,1015.7,0.0,24.1,74.0,0.3,1,10,Clear,clear-day
Egypt,2025-03-25 08:00:00,14.0,14.0,8.1,67.59,0.0,0.0,0,0,15.8,10.8,330.9,1016.0,0.0,24.1,111.0,0.4,1,10,Clear,clear-day
Egypt,2025-03-25 09:00:00,15.8,15.8,7.0,55.73,0.0,0.0,0,0,18.0,12.2,330.9,1015.3,0.0,24.1,295.0,1.1,3,10,Clear,clear-day
Egypt,2025-03-25 10:00:00,17.7,17.7,5.9,46.0,0.0,0.0,0,0,20.2,13.7,331.0,1014.7,0.0,24.1,479.0,1.7,5,10,Clear,clear-day
Egypt,2025-03-25 11:00:00,19.6,19.6,4.9,38.01,0.0,0.0,0,0,22.3,15.1,331.0,1014.0,0.0,24.1,663.0,2.4,7,10,Clear,clear-day
Egypt,2025-03-25 12:00:00,21.1,21.1,3.8,31.95,0.0,0.0,0,0,25.0,19.1,325.1,1013.3,0.0,24.1,732.7,2.6,7,10,Clear,clear-day
Egypt,2025-03-25 13:00:00,22.7,22.7,2.7,26.86,0.0,0.0,0,0,27.6,23.0,319.3,1012.7,0.0,24.1,802.3,2.9,8,10,Clear,clear-day
Egypt,2025-03-25 14:00:00,24.3,24.3,1.6,22.6,0.0,0.0,0,0,30.2,27.0,313.4,1012.0,0.0,24.1,872.0,3.1,9,10,Clear,clear-day
Egypt,2025-03-25 15:00:00,23.5,23.5,1.9,24.19,0.0,0.0,0,0,30.4,28.3,319.5,1012.0,0.0,24.1,744.3,2.7,7,10,Clear,clear-day
Egypt,2025-03-25 16:00:00,22.8,22.8,2.2,25.89,0.0,0.0,0,0,30.5,29.6,325.5,1012.0,0.0,24.1,616.7,2.2,6,10,Clear,clear-day
Egypt,2025-03-25 17:00:00,22.1,22.1,2.6,27.72,0.0,0.0,0,0,30.6,31.0,331.6,1012.0,0.0,24.1,489.0,1.8,5,10,Clear,clear-day
Egypt,2025-03-25 18:00:00,20.4,20.4,3.6,33.03,0.0,0.0,0,0,31.1,29.6,332.6,1013.0,0.0,24.1,326.0,1.2,3,10,Clear,clear-day
Egypt,2025-03-25 19:00:00,18.7,18.7,4.6,39.39,0.0,0.0,0,0,31.6,28.3,333.6,1014.0,0.0,24.1,163.0,0.6,0,10,Clear,clear-night
Egypt,2025-03-25 20:00:00,17.1,17.1,5.7,47.0,0.0,0.0,0,0,32.0,27.0,334.6,1015.0,0.0,24.1,0.0,0.0,0,10,Clear,clear-night
Egypt,2025-03-25 21:00:00,16.4,16.4,6.2,51.1,0.0,0.0,0,0,30.6,24.5,330.6,1015.0,1.1,24.1,0.0,0.0,0,10,Clear,clear-night
Egypt,2025-03-25 22:00:00,15.7,15.7,6.8,55.56,0.0,0.0,0,0,29.2,22.0,326.6,1015.0,2.1,24.1,0.0,0.0,0,10,Clear,clear-night
Egypt,2025-03-25 23:00:00,15.0,15.0,7.4,60.41,0.0,0.0,0,0,27.7,19.4,322.6,1015.0,3.2,24.1,0.0,0.0,0,10,Clear,clear-night
Egypt,2025-03-26 00:00:00,14.6,14.6,7.4,62.13,0.0,0.0,0,0,26.5,17.8,323.4,1014.7,7.1,24.1,0.0,0.0,0,10,Clear,clear-night
Egypt,2025-03-26 01:00:00,14.2,14.2,7.4,63.91,0.0,0.0,0,0,25.3,16.1,324.2,1014.3,11.1,24.1,0.0,0.0,0,10,Clear,clear-night
Egypt,2025-03-26 02:00:00,13.8,13.8,7.5,65.73,0.0,0.0,0,0,24.1,14.4,325.0,1014.0,15.0,24.1,0.0,0.0,0,10,Clear,clear-night
Egypt,2025-03-26 03:00:00,13.5,13.5,7.5,67.04,0.0,0.0,0,0,23.5,13.4,321.4,1014.0,11.3,24.1,0.0,0.0,0,10,Clear,clear-night
Egypt,2025-03-26 04:00:00,13.3,13.3,7.6,68.38,0.0,0.0,0,0,22.9,12.5,317.9,1014.0,7.7,24.1,0.0,0.0,0,10,Clear,clear-night
Egypt,2025-03-26 05:00:00,13.1,13.1,7.7,69.75,0.0,0.0,0,0,22.3,11.5,314.3,1014.0,4.0,24.1,0.0,0.0,0,10,Clear,clear-night
Egypt,2025-03-26 06:00:00,13.6,13.6,7.6,67.36,0.0,0.0,0,0,22.2,11.3,314.5,1014.3,11.4,24.1,32.3,0.2,0,10,Clear,clear-day
Egypt,2025-03-26 07:00:00,14.1,14.1,7.6,65.06,0.0,0.0,0,0,22.1,11.0,314.6,1014.7,18.8,24.1,64.7,0.3,1,10,Clear,clear-day
Egypt,2025-03-26 08:00:00,14.6,14.6,7.6,62.84,0.0,0.0,0,0,22.0,10.8,314.8,1015.0,26.2,24.1,97.0,0.3,1,10,Partially cloudy,partly-cloudy-day
Egypt,2025-03-26 09:00:00,16.0,16.0,6.9,54.89,0.0,0.0,0,0,21.5,12.6,318.5,1015.0,23.3,24.1,257.0,0.9,3,10,Partially cloudy,partly-cloudy-day
Egypt,2025-03-26 10:00:00,17.4,17.4,6.3,47.98,0.0,0.0,0,0,21.0,14.4,322.2,1015.0,20.5,24.1,417.0,1.5,4,10,Partially cloudy,partly-cloudy-day
Egypt,2025-03-26 11:00:00,18.9,18.9,5.7,41.97,0.0,0.0,0,0,20.5,16.2,325.9,1015.0,17.6,24.1,577.0,2.1,6,10,Clear,clear-day
Egypt,2025-03-26 12:00:00,20.4,20.4,4.5,35.18,0.0,0.0,0,0,21.8,16.8,322.1,1014.0,45.1,24.1,665.7,2.4,7,10,Partially cloudy,partly-cloudy-day
Egypt,2025-03-26 13:00:00,21.9,21.9,3.3,29.5,0.0,0.0,0,0,23.2,17.4,318.2,1013.0,72.5,24.1,754.3,2.7,8,10,Partially cloudy,partly-cloudy-day
Egypt,2025-03-26 14:00:00,23.5,23.5,2.2,24.75,0.0,0.0,0,0,24.5,18.0,314.4,1012.0,100.0,24.1,843.0,3.0,8,10,Overcast,cloudy
Egypt,2025-03-26 15:00:00,23.5,23.5,1.9,24.23,0.0,0.0,0,0,24.1,19.4,311.8,1012.0,100.0,24.1,708.7,2.5,7,10,Overcast,cloudy
Egypt,2025-03-26 16:00:00,23.5,23.5,1.6,23.71,0.0,0.0,0,0,23.8,20.9,309.1,1012.0,100.0,24.1,574.3,2.1,6,10,Overcast,cloudy
Egypt,2025-03-26 17:00:00,23.5,23.5,1.3,23.21,0.0,0.0,0,0,23.4,22.3,306.5,1012.0,100.0,24.1,440.0,1.6,4,10,Overcast,cloudy
Egypt,2025-03-26 18:00:00,21.8,21.8,2.2,27.57,0.0,0.0,0,0,24.5,21.8,321.5,1012.7,68.3,24.1,293.3,1.1,3,10,Partially cloudy,partly-cloudy-day
Egypt,2025-03-26 19:00:00,20.1,20.1,3.2,32.78,0.0,0.0,0,0,25.6,21.4,336.6,1013.3,36.7,24.1,146.7,0.5,0,10,Partially cloudy,partly-cloudy-night
Egypt,2025-03-26 20:00:00,18.4,18.4,4.2,39.01,0.0,0.0,0,0,26.6,20.9,351.6,1014.0,5.0,24.1,0.0,0.0,0,10,Clear,clear-night
Egypt,2025-03-26 21:00:00,17.7,17.7,4.4,41.36,0.0,0.0,0,0,22.0,17.4,248.9,1013.7,19.1,24.1,0.0,0.0,0,10,Clear,clear-night
Egypt,2025-03-26 22:00:00,17.1,17.1,4.7,43.85,0.0,0.0,0,0,17.3,13.9,146.2,1013.3,33.2,24.1,0.0,0.0,0,10,Partially cloudy,partly-cloudy-night
Egypt,2025-03-26 23:00:00,16.5,16.5,5.0,46.51,0.0,0.0,0,0,12.6,10.4,43.5,1013.0,47.3,24.1,0.0,0.0,0,10,Partially cloudy,partly-cloudy-night
Egypt,2025-03-27 00:00:00,16.3,16.3,5.2,47.77,0.0,0.0,0,0,10.7,9.0,46.5,1012.7,52.9,24.1,0.0,0.0,0,10,Partially cloudy,partly-cloudy-night
Egypt,2025-03-27 01:00:00,16.1,16.1,5.4,49.06,0.0,0.0,0,0,8.8,7.6,49.5,1012.3,58.6,24.1,0.0,0.0,0,10,Partially cloudy,partly-cloudy-night
Egypt,2025-03-27 02:00:00,15.9,15.9,5.6,50.38,0.0,0.0,0,0,6.8,6.1,52.5,1012.0,64.2,24.1,0.0,0.0,0,10,Partially cloudy,partly-cloudy-night
Egypt,2025-03-27 03:00:00,15.7,15.7,5.6,51.04,0.0,0.0,0,0,5.5,4.8,56.3,1012.0,76.1,24.1,0.0,0.0,0,10,Partially cloudy,partly-cloudy-night
Egypt,2025-03-27 04:00:00,15.5,15.5,5.6,51.71,0.0,0.0,0,0,4.2,3.5,60.2,1012.0,88.1,24.1,0.0,0.0,0,10,Partially cloudy,partly-cloudy-night
Egypt,2025-03-27 05:00:00,15.4,15.4,5.7,52.38,0.0,0.0,0,0,2.9,2.2,64.0,1012.0,100.0,24.1,0.0,0.0,0,10,Overcast,cloudy
Egypt,2025-03-27 06:00:00,16.1,16.1,5.3,48.73,0.0,0.0,0,0,3.8,2.8,96.0,1012.0,100.0,24.1,33.3,0.1,0,10,Overcast,cloudy
Egypt,2025-03-27 07:00:00,16.9,16.9,5.0,45.35,0.0,0.0,0,0,4.8,3.4,128.0,1012.0,100.0,24.1,66.7,0.3,1,10,Overcast,cloudy
Egypt,2025-03-27 08:00:00,17.7,17.7,4.7,42.21,0.0,0.0,0,0,5.8,4.0,160.0,1012.0,100.0,24.1,100.0,0.4,1,10,Overcast,cloudy
Egypt,2025-03-27 09:00:00,19.3,19.3,4.5,37.67,0.0,0.0,0,0,10.0,7.4,166.7,1011.7,100.0,24.1,245.7,0.9,2,10,Overcast,cloudy
Egypt,2025-03-27 10:00:00,20.9,20.9,4.3,33.65,0.0,0.0,0,0,14.2,10.9,173.4,1011.3,100.0,24.1,391.3,1.4,4,10,Overcast,cloudy
Egypt,2025-03-27 11:00:00,22.6,22.6,4.2,30.1,0.0,0.0,0,0,18.4,14.4,180.1,1011.0,100.0,24.1,537.0,1.9,5,10,Overcast,cloudy
Egypt,2025-03-27 12:00:00,24.4,24.4,3.4,25.38,0.0,0.0,0,0,21.1,17.2,180.8,1009.3,100.0,24.1,602.7,2.1,6,10,Overcast,cloudy
Egypt,2025-03-27 13:00:00,26.4,26.4,2.6,21.42,0.0,0.0,0,0,23.9,19.9,181.4,1007.7,100.0,24.1,668.3,2.4,7,10,Overcast,cloudy
Egypt,2025-03-27 14:00:00,28.3,26.9,1.8,18.1,0.0,0.0,0,0,26.6,22.7,182.1,1006.0,100.0,24.1,734.0,2.6,7,10,Overcast,cloudy
Egypt,2025-03-27 15:00:00,28.3,26.9,1.6,17.77,0.0,0.0,0,0,29.6,23.3,196.8,1005.7,100.0,24.1,611.0,2.2,6,10,Overcast,cloudy
Egypt,2025-03-27 16:00:00,28.4,27.0,1.4,17.45,0.0,0.0,0,0,32.6,23.9,211.6,1005.3,100.0,24.1,488.0,1.7,5,10,Overcast,cloudy
Egypt,2025-03-27 17:00:00,28.5,27.0,1.2,17.14,0.0,0.0,0,0,35.6,24.5,226.3,1005.0,100.0,24.1,365.0,1.3,4,10,Overcast,cloudy
Egypt,2025-03-27 18:00:00,27.4,26.3,1.0,18.03,0.0,0.0,0,0,31.1,20.9,227.2,1004.7,99.6,24.1,243.3,0.9,2,10,Overcast,cloudy
Egypt,2025-03-27 19:00:00,26.4,26.4,0.9,18.97,0.0,0.0,0,0,26.5,17.3,228.0,1004.3,99.3,24.1,121.7,0.4,0,10,Overcast,cloudy
Egypt,2025-03-27 20:00:00,25.4,25.4,0.8,19.98,0.0,0.0,0,0,22.0,13.7,228.9,1004.0,98.9,24.1,0.0,0.0,0,10,Overcast,cloudy
Egypt,2025-03-27 21:00:00,23.2,23.2,3.7,27.97,0.0,0.0,0,0,32.0,18.4,254.1,1005.3,65.9,24.1,0.0,0.0,0,10,Partially cloudy,partly-cloudy-night
Egypt,2025-03-27 22:00:00,21.0,21.0,6.6,39.05,0.0,0.0,0,0,42.1,23.0,279.2,1006.7,33.0,24.1,0.0,0.0,0,10,Partially cloudy,partly-cloudy-night
Egypt,2025-03-27 23:00:00,18.9,18.9,9.5,54.39,0.0,0.0,0,0,52.2,27.7,304.4,1008.0,0.0,24.1,0.0,0.0,0,10,Clear,clear-night
Egypt,2025-03-28 00:00:00,18.3,18.3,10.3,59.58,0.0,0.0,0,0,47.9,26.6,295.9,1008.3,0.9,24.1,0.0,0.0,0,10,Clear,clear-night
Egypt,2025-03-28 01:00:00,17.7,17.7,11.1,65.26,0.0,0.0,0,0,43.6,25.6,287.5,1008.7,1.9,24.1,0.0,0.0,0,10,Clear,clear-night
Egypt,2025-03-28 02:00:00,17.1,17.1,11.9,71.46,0.0,0.0,0,0,39.2,24.5,279.0,1009.0,2.8,24.1,0.0,0.0,0,10,Clear,clear-night
Egypt,2025-03-28 03:00:00,17.3,17.3,11.8,70.11,0.0,0.0,0,0,37.6,25.1,282.7,1009.3,16.2,24.1,0.0,0.0,0,10,Clear,clear-night
Egypt,2025-03-28 04:00:00,17.5,17.5,11.7,68.78,0.0,0.0,0,0,35.9,25.7,286.5,1009.7,29.6,24.1,0.0,0.0,0,10,Partially cloudy,partly-cloudy-night
Egypt,2025-03-28 05:00:00,17.8,17.8,11.7,67.48,0.0,0.0,0,0,34.2,26.3,290.2,1010.0,43.0,24.1,0.0,0.0,0,10,Partially cloudy,partly-cloudy-night
Egypt,2025-03-28 06:00:00,17.8,17.8,11.9,68.09,0.0,0.0,0,0,32.6,26.2,296.7,1010.7,44.8,24.1,37.7,0.1,0,10,Partially cloudy,partly-cloudy-day
Egypt,2025-03-28 07:00:00,17.9,17.9,12.1,68.7,0.0,0.0,0,0,31.1,26.0,303.3,1011.3,46.7,24.1,75.3,0.3,1,10,Partially cloudy,partly-cloudy-day
Egypt,2025-03-28 08:00:00,18.0,18.0,12.3,69.32,0.0,0.0,0,0,29.5,25.9,309.8,1012.0,48.5,24.1,113.0,0.4,1,10,Partially cloudy,partly-cloudy-day
Egypt,2025-03-28 09:00:00,19.4,19.4,10.9,57.78,0.0,0.0,0,0,28.7,25.0,304.7,1012.0,32.3,24.1,280.3,1.0,3,10,Partially cloudy,partly-cloudy-day
Egypt,2025-03-28 10:00:00,20.9,20.9,9.5,48.17,0.0,0.0,0,0,27.8,24.0,299.6,1012.0,16.2,24.1,447.7,1.6,4,10,Clear,clear-day
Egypt,2025-03-28 11:00:00,22.4,22.4,8.2,40.15,0.2,0.0,0,0,27.0,23.0,294.5,1012.0,0.0,24.1,615.0,2.2,6,10,Clear,clear-day
Egypt,2025-03-28 12:00:00,23.2,23.2,7.1,35.49,0.0,0.0,0,0,27.8,24.4,294.8,1011.7,0.0,24.1,700.7,2.5,7,10,Clear,clear-day
Egypt,2025-03-28 13:00:00,23.9,23.9,6.0,31.35,0.0,0.0,0,0,28.7,25.7,295.1,1011.3,0.0,24.1,786.3,2.8,8,10,Clear,clear-day
Egypt,2025-03-28 14:00:00,24.8,24.8,4.9,27.69,0.0,0.0,0,0,29.5,27.0,295.4,1011.0,0.0,24.1,872.0,3.1,9,10,Clear,clear-day
Egypt,2025-03-28 15:00:00,24.4,24.4,4.9,28.37,0.0,0.0,0,0,29.0,27.1,299.9,1011.0,0.0,24.1,745.7,2.7,7,10,Clear,clear-day
Egypt,2025-03-28 16:00:00,24.0,24.0,4.9,29.07,0.0,0.0,0,0,28.6,27.2,304.3,1011.0,0.0,24.1,619.3,2.2,6,10,Clear,clear-day
Egypt,2025-03-28 17:00:00,23.7,23.7,5.0,29.78,0.0,0.0,0,0,28.1,27.4,308.8,1011.0,0.0,24.1,493.0,1.8,5,10,Clear,clear-day
Egypt,2025-03-28 18:00:00,22.4,22.4,5.5,33.44,0.0,0.0,0,0,27.7,26.0,319.6,1012.0,0.0,24.1,328.7,1.2,3,10,Clear,clear-day
Egypt,2025-03-28 19:00:00,21.1,21.1,6.0,37.57,0.0,0.0,0,0,27.4,24.7,330.5,1013.0,0.0,24.1,164.3,0.6,0,10,Clear,clear-night
Egypt,2025-03-28 20:00:00,19.8,19.8,6.6,42.23,0.0,0.0,0,0,27.0,23.4,341.3,1014.0,0.0,24.1,0.0,0.0,0,10,Clear,clear-night
Egypt,2025-03-28 21:00:00,18.9,18.9,6.8,45.39,0.0,0.0,0,0,23.2,19.9,235.1,1014.3,0.0,24.1,0.0,0.0,0,10,Clear,clear-night
Egypt,2025-03-28 22:00:00,18.0,18.0,7.1,48.81,0.0,0.0,0,0,19.3,16.4,129.0,1014.7,0.0,24.1,0.0,0.0,0,10,Clear,clear-night
Egypt,2025-03-28 23:00:00,17.2,17.2,7.4,52.5,0.0,0.0,0,0,15.5,13.0,22.8,1015.0,0.0,24.1,0.0,0.0,0,10,Clear,clear-night
Egypt,2025-03-14 00:00:00,18.5,18.5,10.8,60.83,0.0,0.0,0,0,3.6,2.5,20.3,1015.0,99.9,24.1,0.0,0.0,0,10,Overcast,cloudy
